trainingsize,time,k,accuracy
10,0,1,22.22222222222222
100,15,1,11.11111111111111
